번호,시도명,시군구명,관리구역명,관리구역대상지역명,배출장소유형,배출장소,생활쓰레기배출방법,음식물쓰레기배출방법,재활용품배출방법,일시적다량폐기물배출방법,일시적다량폐기물배출장소,생활쓰레기배출요일,음식물쓰레기배출요일,재활용품배출요일,생활쓰레기배출시작시각,생활쓰레기배출종료시각,음식물쓰레기배출시작시각,음식물쓰레기배출종료시각,재활용품배출시작시각,재활용품배출종료시각,일시적다량폐기물배출시작시각,일시적다량폐기물배출종료시각,미수거일,관리부서명,관리부서전화번호,데이터기준일자
1,서울특별시,영등포구,영등포구(전역),영등포구,문전수거,집앞,종량제 봉투를 흩날리지 않도록 묶어 내집 내점포 앞 배출,물기를 제거 후 음식물 전용봉투에 담아 음식물거점전용용기에 배출,투명한 비닐봉투에 담아 흩날리지 않도록 묶어서 배출 내집 내점포 앞 또는 클린하우스/재활용정거장 배출,배출자가 성상별로 수거업체와 별도 계약 후 배출및 처리,집앞,일+월+화+수+목+금,일+월+화+수+목+금,일+월+화+수+목+금,20:00,00:00,20:00,00:00,20:00,00:00,,,명절+임시공휴일+토요일,청소과,26703491,2022-12-31
2,서울특별시,강북구,강북구전역,강북구전역,문전수거,"내 집 대문 앞, 내 점포 앞, 내 건물앞 또는 자체 지정한 쓰레기 배출장소",생활쓰레기 종량제 봉투,단독주택: 음식물 쓰레기 종량제 봉투공동주택: 전용 용기(납부확인증 부착) 또는 종량기 사용소형음식점: 전용 용기(납부확인증 부착),"(반)투명비닐봉투에 담아 각각 별도 분리배출(*  비닐과 투명 페트병은 목요일날배출    그외 재활용품은 일,월,화,수,금 배출)(* 예외로, 가로변은 배출시작  22:00, 배출종료 02:00)","특수규격봉투(특수마대), 대형폐기물 신고필증","내 집 대문 앞, 내 점포 앞, 내 건물앞 또는 자체 지정한 쓰레기 배출장소",일+화+월+수+목+금,금+목+수+화+월+일,일+월+화+수+목+금,18:00,24:00,18:00,24:00,18:00,24:00,18:00,24:00,토요일 및 공휴일 전일,청소행정과,02-901-6782,2020-07-13
3,서울특별시,성동구,1권역,왕십리도선동+왕십리제2동+마장동+금호3가동+옥수1동+성수2가1동+송정동+용답동,문전수거,집앞,"종량제 봉투에 담아 동별 배출요일 및 시간에 맞춰 내 집, 내 점포 앞에 배출","1)일반주택-음식물 종량제봉투에 넣어 전용 용기에 담아 지정 요일, 지정 시간에 내 집 앞 배출2)공동주택-단지 내 음식물 전용 용기에 배출",1)용기 내 각종 이물질 제거2)혼합재질로 구성된 품목은 최대한 재질별로 분리하여 배출3)투명한 비닐봉투에 넣어 품목별로 배출,수거대행업체에 위탁처리,고려도시개발+성동용역+신흥환경+나라환경,일+화+목,일+화+목,일+화+목,20:00,24:00,20:00,24:00,20:00,24:00,09:00,18:00,추석명절+설명절+매주토요일(변동가능),청소행정과,02-2286-5525,2020-12-08
4,서울특별시,성동구,2권역,사근동+행당1동+행당2동+응봉동+금호1가동+금호2가동+금호4가동+옥수2동+성수1가1동+성수1가2동+성수2가3동,문전수거,집앞,"종량제 봉투에 담아 동별 배출요일 및 시간에 맞춰 내 집, 내 점포 앞에 배출","1)일반주택-음식물 종량제봉투에 넣어 전용 용기에 담아 지정 요일, 지정 시간에 내 집 앞 배출2)공동주택-단지 내 음식물 전용 용기에 배출",1)용기 내 각종 이물질 제거2)혼합재질로 구성된 품목은 최대한 재질별로 분리하여 배출3)투명한 비닐봉투에 넣어 품목별로 배출,수거대행업체에 위탁처리,고려도시개발+성동용역+신흥환경+나라환경,월+수+금,월+수+금,월+수+금,20:00,24:00,20:00,24:00,20:00,24:00,09:00,18:00,추석명절+설명절+매주토요일(변동가능),청소행정과,02-2286-5525,2020-12-08
5,서울특별시,광진구,1권역,중곡1동+중곡2동+구의2동+광장동+화양동+자양1동+자양2동,문전수거,집앞,규격봉투에 넣어 지정된 요일에 배출,물기를 최대한 줄여 음식물만 전용봉투 또는 전용용기에 넣어 배출,투명한 비닐봉투에 담거나 끈으로 묶어서 지정된 요일에 배출,없음,없음,일+화+목,일+화+목,일+화+목,19:00,24:00,19:00,24:00,19:00,24:00,,,토요일+공휴일,청소과,02-450-1375,2020-07-01
6,서울특별시,광진구,2권역,중곡3동+중곡4동+구의1동+구의3동+능동+군자동+자양3동+자양4동,문전수거,집앞,규격봉투에 넣어 지정된 요일에 배출,물기를 최대한 줄여 음식물만 전용봉투 또는 전용용기에 넣어 배출,투명한 비닐봉투에 담거나 끈으로 묶어서 지정된 요일에 배출,없음,없음,월+수+금,월+수+금,월+수+금,19:00,24:00,19:00,24:00,19:00,24:00,,,토요일+공휴일,청소과,02-450-1375,2020-07-01
7,서울특별시,관악구,없음,없음,문전수거,집앞,규격봉투에 넣어 배출,물기를 최대한 줄여 음식물만 전용봉투에 배출,투병한 비닐에 분리배출,자가 또는 적정업체에 위탁처리,처리업체로 운반 및 처리,일+월+화+수+목+금,일+월+화+수+목+금,일+월+화+수+목+금,18:00,23:59,18:00,23:59,18:00,23:59,00:00,23:59,명절,청소행정과,02-879-6203,2023-12-01
8,서울특별시,성북구,1권역,성북동,문전수거,집앞,규격봉투에 넣어 지정요일에 배출,물기를 최대한 줄여 음식물만 전용봉투나 전용용기에 배출,투명한 비닐봉투에 담거나 끈으로 지정된 요일에 배출,"배출자가 성상별로 수거업체와 별도 계약 후 배출 및 처리(각 공동주택별로 재활용쓰레기 배출 요일, 시간 다름)",집앞,월+수+금,월+수+금,월+수+금,18:00,20:00,18:00,20:00,18:00,20:00,18:00,20:00,설명절+추석명절+공휴일,청소행정과,02-2241-4400,2023-03-07
9,서울특별시,성북구,1권역,성북동1가,문전수거,집앞,규격봉투에 넣어 지정요일에 배출,물기를 최대한 줄여 음식물만 전용봉투나 전용용기에 배출,투명한 비닐봉투에 담거나 끈으로 지정된 요일에 배출,"배출자가 성상별로 수거업체와 별도 계약 후 배출 및 처리(각 공동주택별로 재활용쓰레기 배출 요일, 시간 다름)",집앞,일+화+목,일+화+목,일+화+목,18:00,20:00,18:00,20:00,18:00,20:00,18:00,20:00,설명절+추석명절+공휴일,청소행정과,02-2241-4400,2023-03-07
10,서울특별시,성북구,2권역,삼선동,문전수거,집앞,규격봉투에 넣어 지정요일에 배출,물기를 최대한 줄여 음식물만 전용봉투나 전용용기에 배출,투명한 비닐봉투에 담거나 끈으로 지정된 요일에 배출,"배출자가 성상별로 수거업체와 별도 계약 후 배출 및 처리(각 공동주택별로 재활용쓰레기 배출 요일, 시간 다름)",집앞,일+화+목,일+화+목,일+화+목,18:00,20:00,18:00,20:00,18:00,20:00,18:00,20:00,설명절+추석명절+공휴일,청소행정과,02-2241-4400,2023-03-07
11,서울특별시,성북구,3권역,동선동,문전수거,집앞,규격봉투에 넣어 지정요일에 배출,물기를 최대한 줄여 음식물만 전용봉투나 전용용기에 배출,투명한 비닐봉투에 담거나 끈으로 지정된 요일에 배출,"배출자가 성상별로 수거업체와 별도 계약 후 배출 및 처리(각 공동주택별로 재활용쓰레기 배출 요일, 시간 다름)",집앞,일+화+목,일+화+목,월+화+수+목+금+토,18:00,20:00,18:00,20:00,18:00,20:00,18:00,20:00,설명절+추석명절+공휴일,청소행정과,02-2241-4400,2023-03-07
12,서울특별시,성북구,3권역,동선동4가+동선동5가+동소문동6가+동소문동7가,문전수거,집앞,규격봉투에 넣어 지정요일에 배출,물기를 최대한 줄여 음식물만 전용봉투나 전용용기에 배출,투명한 비닐봉투에 담거나 끈으로 지정된 요일에 배출,"배출자가 성상별로 수거업체와 별도 계약 후 배출 및 처리(각 공동주택별로 재활용쓰레기 배출 요일, 시간 다름)",집앞,월+수+금,월+수+금,월+화+수+목+금+토,18:00,20:00,18:00,20:00,18:00,20:00,18:00,20:00,설명절+추석명절+공휴일,청소행정과,02-2241-4400,2023-03-07
13,서울특별시,성북구,4권역,돈암1동,문전수거,집앞,규격봉투에 넣어 지정요일에 배출,물기를 최대한 줄여 음식물만 전용봉투나 전용용기에 배출,투명한 비닐봉투에 담거나 끈으로 지정된 요일에 배출,"배출자가 성상별로 수거업체와 별도 계약 후 배출및 처리(각 공동주택별로 재활용쓰레기 배출 요일, 시간 다름)",집앞,월+수+금,월+수+금,월+화+수+목+금+토,18:00,20:00,18:00,20:00,18:00,20:00,18:00,20:00,설명절+추석명절+공휴일,청소행정과,02-2241-4400,2023-03-07
14,서울특별시,성북구,5권역,돈암2동,문전수거,집앞,규격봉투에 넣어 지정요일에 배출,물기를 최대한 줄여 음식물만 전용봉투나 전용용기에 배출,투명한 비닐봉투에 담거나 끈으로 지정된 요일에 배출,"배출자가 성상별로 수거업체와 별도 계약 후 배출및 처리(각 공동주택별로 재활용쓰레기 배출 요일, 시간 다름)",집앞,월+수+금,월+수+금,월+화+수+목+금+토,18:00,20:00,18:00,20:00,18:00,20:00,18:00,20:00,설명절+추석명절+공휴일,청소행정과,02-2241-4400,2023-03-07
15,서울특별시,성북구,6권역,안암동,문전수거,집앞,규격봉투에 넣어 지정요일에 배출,물기를 최대한 줄여 음식물만 전용봉투나 전용용기에 배출,투명한 비닐봉투에 담거나 끈으로 지정된 요일에 배출,"배출자가 성상별로 수거업체와 별도 계약 후 배출및 처리(각 공동주택별로 재활용쓰레기 배출 요일, 시간 다름)",집앞,일+화+목,일+화+목,일+화+목,18:00,20:00,18:00,20:00,18:00,20:00,18:00,20:00,설명절+추석명절+공휴일,청소행정과,02-2241-4400,2023-03-07
16,서울특별시,성북구,7권역,보문동,문전수거,집앞,규격봉투에 넣어 지정요일에 배출,물기를 최대한 줄여 음식물만 전용봉투나 전용용기에 배출,투명한 비닐봉투에 담거나 끈으로 지정된 요일에 배출,"배출자가 성상별로 수거업체와 별도 계약 후 배출및 처리(각 공동주택별로 재활용쓰레기 배출 요일, 시간 다름)",집앞,월+수+금,월+수+금,월+수+금,18:00,20:00,18:00,20:00,18:00,20:00,18:00,20:00,설명절+추석명절+공휴일,청소행정과,02-2241-4400,2023-03-07
17,서울특별시,성북구,8권역,정릉1동,문전수거,집앞,규격봉투에 넣어 지정요일에 배출,물기를 최대한 줄여 음식물만 전용봉투나 전용용기에 배출,투명한 비닐봉투에 담거나 끈으로 지정된 요일에 배출,"배출자가 성상별로 수거업체와 별도 계약 후 배출및 처리(각 공동주택별로 재활용쓰레기 배출 요일, 시간 다름)",집앞,월+수+금,월+수+금,월+화+수+목+금+토,18:00,20:00,18:00,20:00,18:00,20:00,18:00,20:00,설명절+추석명절+공휴일,청소행정과,02-2241-4400,2023-03-07
18,서울특별시,성북구,9권역,정릉2동,문전수거,집앞,규격봉투에 넣어 지정요일에 배출,물기를 최대한 줄여 음식물만 전용봉투나 전용용기에 배출,투명한 비닐봉투에 담거나 끈으로 지정된 요일에 배출,"배출자가 성상별로 수거업체와 별도 계약 후 배출및 처리(각 공동주택별로 재활용쓰레기 배출 요일, 시간 다름)",집앞,화+목+일,화+목+일,월+수+금,18:00,20:00,18:00,20:00,18:00,20:00,18:00,20:00,설명절+추석명절+공휴일,청소행정과,02-2241-4400,2023-03-07
19,서울특별시,성북구,10권역,정릉3동,문전수거,집앞,규격봉투에 넣어 지정요일에 배출,물기를 최대한 줄여 음식물만 전용봉투나 전용용기에 배출,투명한 비닐봉투에 담거나 끈으로 지정된 요일에 배출,"배출자가 성상별로 수거업체와 별도 계약 후 배출및 처리(각 공동주택별로 재활용쓰레기 배출 요일, 시간 다름)",집앞,화+목+일,화+목+일,월+화+수+목+금+토,18:00,20:00,18:00,20:00,18:00,20:00,18:00,20:00,설명절+추석명절+공휴일,청소행정과,02-2241-4400,2023-03-07
20,서울특별시,성북구,11권역,정릉4동,문전수거,집앞,규격봉투에 넣어 지정요일에 배출,물기를 최대한 줄여 음식물만 전용봉투나 전용용기에 배출,투명한 비닐봉투에 담거나 끈으로 지정된 요일에 배출,"배출자가 성상별로 수거업체와 별도 계약 후 배출및 처리(각 공동주택별로 재활용쓰레기 배출 요일, 시간 다름)",집앞,월+수+금,월+수+금,일+화+목,18:00,20:00,18:00,20:00,18:00,21:00,18:00,20:00,설명절+추석명절+공휴일,청소행정과,02-2241-4400,2023-03-07
21,서울특별시,성북구,12권역,길음1동,문전수거,집앞,규격봉투에 넣어 지정요일에 배출,물기를 최대한 줄여 음식물만 전용봉투나 전용용기에 배출,투명한 비닐봉투에 담거나 끈으로 지정된 요일에 배출,"배출자가 성상별로 수거업체와 별도 계약 후 배출및 처리(각 공동주택별로 재활용쓰레기 배출 요일, 시간 다름)",집앞,화+목+일,화+목+일,월+수+금,18:00,20:00,18:00,20:00,18:00,20:00,18:00,20:00,설명절+추석명절+공휴일,청소행정과,02-2241-4400,2023-03-07
22,서울특별시,성북구,13권역,길음2동,문전수거,집앞,규격봉투에 넣어 지정요일에 배출,물기를 최대한 줄여 음식물만 전용봉투나 전용용기에 배출,투명한 비닐봉투에 담거나 끈으로 지정된 요일에 배출,"배출자가 성상별로 수거업체와 별도 계약 후 배출및 처리(각 공동주택별로 재활용쓰레기 배출 요일, 시간 다름)",집앞,금+월+수,금+월+수,일+화+목,18:00,20:00,18:00,20:00,18:00,20:00,18:00,20:00,설명절+추석명절+공휴일,청소행정과,02-2241-4400,2023-03-07
23,서울특별시,성북구,14권역,종암동,문전수거,집앞,규격봉투에 넣어 지정요일에 배출,물기를 최대한 줄여 음식물만 전용봉투나 전용용기에 배출,투명한 비닐봉투에 담거나 끈으로 지정된 요일에 배출,"배출자가 성상별로 수거업체와 별도 계약 후 배출및 처리(각 공동주택별로 재활용쓰레기 배출 요일, 시간 다름)",집앞,월+수+금,월+수+금,월+화+수+목+금+토,18:00,20:00,18:00,20:00,18:00,20:00,18:00,20:00,설명절+추석명절+공휴일,청소행정과,02-2241-4400,2023-03-07
24,서울특별시,성북구,15권역,월곡1동,문전수거,집앞,규격봉투에 넣어 지정요일에 배출,물기를 최대한 줄여 음식물만 전용봉투나 전용용기에 배출,투명한 비닐봉투에 담거나 끈으로 지정된 요일에 배출,"배출자가 성상별로 수거업체와 별도 계약 후 배출및 처리(각 공동주택별로 재활용쓰레기 배출 요일, 시간 다름)",집앞,월+수+금,월+수+금,일+화+목,18:00,20:00,18:00,20:00,18:00,20:00,18:00,20:00,설명절+추석명절+공휴일,청소행정과,02-2241-4400,2023-03-07
25,서울특별시,성북구,16권역,월곡2동,문전수거,집앞,규격봉투에 넣어 지정요일에 배출,물기를 최대한 줄여 음식물만 전용봉투나 전용용기에 배출,투명한 비닐봉투에 담거나 끈으로 지정된 요일에 배출,"배출자가 성상별로 수거업체와 별도 계약 후 배출및 처리(각 공동주택별로 재활용쓰레기 배출 요일, 시간 다름)",집앞,월+수+금,월+수+금,월+수+금,18:00,20:00,18:00,20:00,18:00,20:00,18:00,20:00,설명절+추석명절+공휴일,청소행정과,02-2241-4400,2023-03-07
26,서울특별시,성북구,17권역,장위1동,문전수거,집앞,규격봉투에 넣어 지정요일에 배출,물기를 최대한 줄여 음식물만 전용봉투나 전용용기에 배출,투명한 비닐봉투에 담거나 끈으로 지정된 요일에 배출,"배출자가 성상별로 수거업체와 별도 계약 후 배출및 처리(각 공동주택별로 재활용쓰레기 배출 요일, 시간 다름)",집앞,월+수+금,월+수+금,월+화+수+목+금+토,18:00,20:00,18:00,20:00,18:00,20:00,18:00,20:00,설명절+추석명절+공휴일,청소행정과,02-2241-4400,2023-03-07
27,서울특별시,성북구,18권역,장위2동,문전수거,집앞,규격봉투에 넣어 지정요일에 배출,물기를 최대한 줄여 음식물만 전용봉투나 전용용기에 배출,투명한 비닐봉투에 담거나 끈으로 지정된 요일에 배출,"배출자가 성상별로 수거업체와 별도 계약 후 배출및 처리(각 공동주택별로 재활용쓰레기 배출 요일, 시간 다름)",집앞,일+화+목,일+화+목,월+수+금,18:00,20:00,18:00,20:00,18:00,20:00,18:00,20:00,설명절+추석명절+공휴일,청소행정과,02-2241-4400,2023-03-07
28,서울특별시,성북구,19권역,장위3동,문전수거,집앞,규격봉투에 넣어 지정요일에 배출,물기를 최대한 줄여 음식물만 전용봉투나 전용용기에 배출,투명한 비닐봉투에 담거나 끈으로 지정된 요일에 배출,"배출자가 성상별로 수거업체와 별도 계약 후 배출및 처리(각 공동주택별로 재활용쓰레기 배출 요일, 시간 다름)",집앞,일+화+목,일+화+목,일+화+목,18:00,20:00,18:00,20:00,18:00,20:00,18:00,20:00,설명절+추석명절+공휴일,청소행정과,02-2241-4400,2023-03-07
29,서울특별시,성북구,20권역,석관동,문전수거,집앞,규격봉투에 넣어 지정요일에 배출,물기를 최대한 줄여 음식물만 전용봉투나 전용용기에 배출,투명한 비닐봉투에 담거나 끈으로 지정된 요일에 배출,"배출자가 성상별로 수거업체와 별도 계약 후 배출및 처리(각 공동주택별로 재활용쓰레기 배출 요일, 시간 다름)",집앞,일+화+목,일+화+목,일+화+목,18:00,20:00,18:00,20:00,18:00,20:00,18:00,20:00,설명절+추석명절+공휴일,청소행정과,02-2241-4400,2023-03-07
30,서울특별시,서대문구,관내 전지역,관내 전지역,문전수거,내집내점포앞,종량제봉투,종량제봉투-가정용기배출- 음식점RFID-공동주택,종류별 분리배출,해당없음,해당없음,일+월+화+수+목+금,일+월+화+수+목+금,일+월+화+수+목+금,18:00,23:00,18:00,23:00,18:00,23:00,,,토요일,청소행정과,02-330-1463,2023-12-31
31,서울특별시,종로구,없음,없음,문전수거,집앞,규격봉투에 넣어 지정된 요일에 배출,물기를 최대한 줄여 음식물만 전용봉투에 넣어 배출,투명한 비닐봉투에 담거나 끈으로 묶어서 지정된 요일에 배출,주민센터방문 혹은 종로구홈페이지에 신청 후 배출,집앞,일+월+화+수+목+금,일+월+화+수+목+금,일+월+화+수+목+금,19:00,21:00,19:00,21:00,19:00,21:00,19:00,21:00,토+구정연휴+추석연휴,청소행정과,02-2148-2373,2020-07-10
32,서울특별시,동작구,없음,노량진1동+노량진2동+상도1동+상도2동+상도3동+상도4동+사당1동+사당2동+사당3동+사당4동+사당5동+대방동+흑석동+신대방1동+신대방2동,문전수거,집앞,"규격봉투에 넣어 지정요일, 시간 배출",물기제거 후 음식물전용봉투에 배출,투명봉투에 담아서 배출,별도안내,없음,일+월+화+수+목+금,일+월+화+수+목+금,일+월+화+수+목+금,17:00,22:00,17:00,22:00,17:00,22:00,,,토,청소행정과,02-820-1376,2020-10-23
33,서울특별시,송파구,없음,없음,문전수거,집앞,규격봉투에 넣어 지정된 요일에 배출,물기를 최대한 줄여 음식물만 전용용기에 납부필증 부착 후 지정된 요일에 배출,그물망이나 투명한 비닐봉투에 담아 지정된 요일에 배출,폐기물 수거업체에 신고 후 지정장소에 배출,없음,일+월+화+수+목+금+토,일+월+화+수+목+금+토,일+월+화+수+목+금+토,18:00,22:00,18:00,22:00,18:00,22:00,,,동별상이,청소행정과,02-2147-2840,2023-12-20
34,서울특별시,금천구,2구역,"독산1,2,4동",문전수거,문전,규격봉투에 넣어 지정된 요일에 배출,음식물만 전용봉투나 용기에 넣어 지정된 요일에 배출,투명한 비닐봉투에 담거나 끈으로 묶어서 지정된 요일에 배출,청소과에 신고 후 개인차량 이용 지정된 장소에 배출,금천자원재활용처리장,일+월+화+수+목+금,일+월+화+수+목+금,일+월+화+수+목+금,18:00,22:00,18:00,22:00,18:00,22:00,15:00,15:00,"명절, 휴가일",청소행정과,02-2627-2375,2019-08-30
35,서울특별시,금천구,1구역,"가산동, 독산3동",문전수거,문전,규격봉투에 넣어 지정된 요일에 배출,음식물만 전용봉투나 용기에 넣어 지정된 요일에 배출,투명한 비닐봉투에 담거나 끈으로 묶어서 지정된 요일에 배출,청소과에 신고 후 개인차량 이용 지정된 장소에 배출,금천자원재활용처리장,일+월+화+수+목+금,일+월+화+수+목+금,일+월+화+수+목+금,18:00,22:00,18:00,22:00,18:00,22:00,15:00,15:00,"명절, 휴가일",청소행정과,02-2627-2375,2019-08-30
36,서울특별시,금천구,4구역,"시흥2,3,5동",문전수거,문전,규격봉투에 넣어 지정된 요일에 배출,음식물만 전용봉투나 용기에 넣어 지정된 요일에 배출,투명한 비닐봉투에 담거나 끈으로 묶어서 지정된 요일에 배출,청소과에 신고 후 개인차량 이용 지정된 장소에 배출,금천자원재활용처리장,일+월+화+수+목+금,일+월+화+수+목+금,일+월+화+수+목+금,18:00,22:00,18:00,22:00,18:00,22:00,15:00,15:00,"명절, 휴가일",청소행정과,02-2627-2375,2019-08-30
37,서울특별시,금천구,3구역,"시흥1,4동",문전수거,문전,규격봉투에 넣어 지정된 요일에 배출,음식물만 전용봉투나 용기에 넣어 지정된 요일에 배출,투명한 비닐봉투에 담거나 끈으로 묶어서 지정된 요일에 배출,청소과에 신고 후 개인차량 이용 지정된 장소에 배출,금천자원재활용처리장,일+월+화+수+목+금,일+월+화+수+목+금,일+월+화+수+목+금,18:00,22:00,18:00,22:00,18:00,22:00,15:00,15:00,"명절, 휴가일",청소행정과,02-2627-2375,2019-08-30
38,서울특별시,강남구,강남구,신사동+압구정동+논현1동+논현2동+청담동+역삼1동+역삼2동+삼성2동+삼성1동+도곡1동+도곡2동+대치1동+대치2동+대치4동+개포1동+개포2동+개포4동+일원1동+일원2동+일원본동+수서동+세곡동,문전수거,문전수거,규격봉투에 넣어 지정된 요일에 배출,전용봉투 혹은 납부필증 부착 후 배출,전용그물망 혹은 투명봉투에 담아 배출,해당사항없음,해당사항없음,일+월+화+수+목+금,일+월+화+수+목+금,월+화+수+목+금+일,20:00,05:00,20:00,05:00,20:00,05:00,,,명절 및 임시공휴일,강남구청 자원순환과,02-3423-5973,2023-12-18
39,서울특별시,은평구,없음,불광2동+갈현2동+응암1동+응암2동+응암3동+역촌동+신사1동+진관동,문전수거,집앞,규격봉투에 넣어 지정된 요일에 일몰 후 배출,물기를 최대한 줄여 음식물만 전용봉투에 넣어 지정된 요일에 일몰 후 배출,투명한 비닐봉투에 담거나 끈으로 묶어서 지정된 요일에 일몰 후 배출,청소대행업체 자체 해결,청소대행업체 자체 해결,월+수+금,월+수+금,월+수+금,18:00,24:00,18:00,24:00,18:00,24:00,18:00,24:00,설명절+추석명절+근로자의 날,자원순환과,02-351-7565,2021-09-01
40,서울특별시,은평구,없음,녹번동+불광1동+구산동+대조동+신사2동+증산동+수색동+갈현1동,문전수거,집앞,규격봉투에 넣어 지정된 요일에 일몰 후 배출,물기를 최대한 줄여 음식물만 전용봉투에 넣어 지정된 요일에 일몰 후 배출,투명한 비닐봉투에 담거나 끈으로 묶어서 지정된 요일에 일몰 후 배출,청소대행업체 자체 해결,청소대행업체 자체 해결,일+화+목,일+화+목,일+화+목,18:00,24:00,18:00,24:00,18:00,24:00,18:00,24:00,설명절+추석명절+근로자의 날,자원순환과,02-351-7565,2021-09-01
41,서울특별시,서초구,1구역,방배4동+잠원동+반포4동(반포대로 서편-서래마을 방면),문전수거,"내 집 앞, 내 점포 앞",종량제봉투에 담아 지정된 요일에 배출,가정 : 물기를 최대한 줄여 음식물만 전용봉투에 배출소형음식점 등 : 종량제봉투 판매소에서 납부필증(스티커)구입후 전용 용기에 부착하여 배출,투명한 비닐봉투나 용기에 성상별로 분류하여 지정된 요일에 배출,대행업체 신고후 배출,"내 집 앞, 내 점포 앞",월+수+금,일+월+화+수+목+금,월+수+금,18:00,01:00,18:00,01:00,18:00,01:00,18:00,01:00,"공휴일, 일요일",청소행정과,02-2155-6720,2023-07-05
42,서울특별시,서초구,2구역,서초2동+서초4동,문전수거,"내 집 앞, 내 점포 앞",종량제봉투에 담아 지정된 요일에 배출,가정 : 물기를 최대한 줄여 음식물만 전용봉투에 배출소형음식점 등 : 종량제봉투 판매소에서 납부필증(스티커)구입후 전용 용기에 부착하여 배출,투명한 비닐봉투나 용기에 성상별로 분류하여 지정된 요일에 배출,대행업체 신고후 배출,"내 집 앞, 내 점포 앞",일+화+목,일+월+화+수+목+금,일+화+목,18:00,01:00,18:00,01:00,18:00,01:00,18:00,01:00,"공휴일, 일요일",청소행정과,02-2155-6720,2023-07-05
43,서울특별시,서초구,2구역,서초1동+방배3동,문전수거,"내 집 앞, 내 점포 앞",종량제봉투에 담아 지정된 요일에 배출,가정 : 물기를 최대한 줄여 음식물만 전용봉투에 배출소형음식점 등 : 종량제봉투 판매소에서 납부필증(스티커)구입후 전용 용기에 부착하여 배출,투명한 비닐봉투나 용기에 성상별로 분류하여 지정된 요일에 배출,대행업체 신고후 배출,"내 집 앞, 내 점포 앞",월+수+금,일+월+화+수+목+금,월+수+금,18:00,01:00,18:00,01:00,18:00,01:00,18:00,01:00,"공휴일, 일요일",청소행정과,02-2155-6720,2023-07-05
44,서울특별시,서초구,3구역,양재1동(우면동)+반포본동,문전수거,"내 집 앞, 내 점포 앞",종량제봉투에 담아 지정된 요일에 배출,가정 : 물기를 최대한 줄여 음식물만 전용봉투에 배출소형음식점 등 : 종량제봉투 판매소에서 납부필증(스티커)구입후 전용 용기에 부착하여 배출,투명한 비닐봉투나 용기에 성상별로 분류하여 지정된 요일에 배출,대행업체 신고후 배출,"내 집 앞, 내 점포 앞",일+화+목,일+월+화+수+목+금,일+화+목,18:00,01:00,18:00,01:00,18:00,01:00,18:00,01:00,"공휴일, 일요일",청소행정과,02-2155-6720,2023-07-05
45,서울특별시,서초구,3구역,양재2동(원지동),문전수거,"내 집 앞, 내 점포 앞",종량제봉투에 담아 지정된 요일에 배출,가정 : 물기를 최대한 줄여 음식물만 전용봉투에 배출소형음식점 등 : 종량제봉투 판매소에서 납부필증(스티커)구입후 전용 용기에 부착하여 배출,투명한 비닐봉투나 용기에 성상별로 분류하여 지정된 요일에 배출,대행업체 신고후 배출,"내 집 앞, 내 점포 앞",월+수+금,일+월+화+수+목+금,월+수+금,18:00,01:00,18:00,01:00,18:00,01:00,18:00,01:00,"공휴일, 일요일",청소행정과,02-2155-6720,2023-07-05
46,서울특별시,서초구,4구역,방배2동,문전수거,"내 집 앞, 내 점포 앞",종량제봉투에 담아 지정된 요일에 배출,가정 : 물기를 최대한 줄여 음식물만 전용봉투에 배출소형음식점 등 : 종량제봉투 판매소에서 납부필증(스티커)구입후 전용 용기에 부착하여 배출,투명한 비닐봉투나 용기에 성상별로 분류하여 지정된 요일에 배출,대행업체 신고후 배출,"내 집 앞, 내 점포 앞",일+화+목,일+월+화+수+목+금,일+화+목,18:00,01:00,18:00,01:00,18:00,01:00,18:00,01:00,"공휴일, 일요일",청소행정과,02-2155-6720,2023-07-05
47,서울특별시,서초구,4구역,반포1동+반포4동(반포대로 동편-미도아파트방면),문전수거,"내 집 앞, 내 점포 앞",종량제봉투에 담아 지정된 요일에 배출,가정 : 물기를 최대한 줄여 음식물만 전용봉투에 배출소형음식점 등 : 종량제봉투 판매소에서 납부필증(스티커)구입후 전용 용기에 부착하여 배출,투명한 비닐봉투나 용기에 성상별로 분류하여 지정된 요일에 배출,대행업체 신고후 배출,"내 집 앞, 내 점포 앞",월+수+금,일+월+화+수+목+금,월+수+금,18:00,01:00,18:00,01:00,18:00,01:00,18:00,01:00,"공휴일, 일요일",청소행정과,02-2155-6720,2023-07-05
48,서울특별시,서초구,5구역,"서초3동(반포대로 동편-남부터미널방면)+내곡동(염곡동,신원동)",문전수거,"내 집 앞, 내 점포 앞",종량제봉투에 담아 지정된 요일에 배출,가정 : 물기를 최대한 줄여 음식물만 전용봉투에 배출소형음식점 등 : 종량제봉투 판매소에서 납부필증(스티커)구입후 전용 용기에 부착하여 배출,투명한 비닐봉투나 용기에 성상별로 분류하여 지정된 요일에 배출,대행업체 신고후 배출,"내 집 앞, 내 점포 앞",일+화+목,일+월+화+수+목+금,일+화+목,18:00,01:00,18:00,01:00,18:00,01:00,18:00,01:00,"공휴일, 일요일",청소행정과,02-2155-6720,2023-07-05
49,서울특별시,서초구,5구역,서초3동(반포대로 서편-서울고방면),문전수거,"내 집 앞, 내 점포 앞",종량제봉투에 담아 지정된 요일에 배출,가정 : 물기를 최대한 줄여 음식물만 전용봉투에 배출소형음식점 등 : 종량제봉투 판매소에서 납부필증(스티커)구입후 전용 용기에 부착하여 배출,투명한 비닐봉투나 용기에 성상별로 분류하여 지정된 요일에 배출,대행업체 신고후 배출,"내 집 앞, 내 점포 앞",월+수+금,일+월+화+수+목+금,월+수+금,18:00,01:00,18:00,01:00,18:00,01:00,18:00,01:00,"공휴일, 일요일",청소행정과,02-2155-6720,2023-07-05
50,서울특별시,서초구,1구역,방배본동+방배1동+반포2동+반포3동,문전수거,"내 집 앞, 내 점포 앞",종량제봉투에 담아 지정된 요일에 배출,가정 : 물기를 최대한 줄여 음식물만 전용봉투에 배출소형음식점 등 : 종량제봉투 판매소에서 납부필증(스티커)구입후 전용 용기에 부착하여 배출,투명한 비닐봉투나 용기에 성상별로 분류하여 지정된 요일에 배출,대행업체 신고후 배출,"내 집 앞, 내 점포 앞",일+화+목,일+월+화+수+목+금,일+화+목,18:00,01:00,18:00,01:00,18:00,01:00,18:00,01:00,"공휴일, 일요일",청소행정과,02-2155-6720,2023-07-05
51,서울특별시,중구,서울시 중구,서울시 중구,문전수거,"내집, 내점포 앞","일반쓰레기종량제봉투에 담아 내집, 내점포 앞에 배출","음식물쓰레기 종량제봉투에 담아 내집, 내점포 앞에 배출(공동주택단지는 음식물종량기 사용)","내용물 확인이 가능한 투명(반투명)한 용기에 담아 잘 묶어 내집, 내점포 앞에 배출",수집운반 대행업체에 배출신고(처리수수료 납부)한 후 배출,"내집, 내점포 앞에 배출",월+화+수+목+금+일,월+화+수+목+금+일,월+화+수+목+금+일,19:00,00:00,19:00,00:00,19:00,00:00,09:00,15:00,해당없음,청소행정과,02-3396-5453,2023-12-05
52,서울특별시,양천구,1권역,목1동+목2동+목4동+신월3동+신월5동+신월6동+신정2동+신정3동+신정7동,문전수거,"내 집 앞, 내 점포 앞",규격봉투에 넣어 지정된 요일에 배출,물기를 최대한 줄여 규격봉투에 넣어 음식물류폐기물 전용수거용기에 배출 또는 RFID 종량기에 배출,성상별로 분류하여 투명한 비닐봉투에 담거나 끈으로 묶어서 지정된 요일에 배출,"5톤미만은 자가처리, 5톤이상은 건설폐기물처리업자와 계약하여 배출","내 집 앞, 내 점포 앞",월+수+금,월+수+금,월+수+금,18:00,23:00,18:00,23:00,18:00,23:00,18:00,23:00,일요일+법정공휴일,청소행정과,02-2620-3420,2023-04-01
53,서울특별시,양천구,2권역,목3동+목5동+신월1동+신월2동+신월4동+신월7동+신정1동+신정4동+신정6동+신정이펜하우스 1~5단지 및 주변상가,문전수거,"내 집 앞, 내 점포 앞",규격봉투에 넣어 지정된 요일에 배출,물기를 최대한 줄여 규격봉투에 넣어 음식물류폐기물 전용수거용기에 배출 또는 RFID 종량기에 배출,성상별로 분류하여 투명한 비닐봉투에 담거나 끈으로 묶어서 지정된 요일에 배출,"5톤미만은 자가처리, 5톤이상은 건설폐기물처리업자와 계약하여 배출","내 집 앞, 내 점포 앞",일+화+목,일+화+목,일+화+목,18:00,23:00,18:00,23:00,18:00,23:00,18:00,23:00,일요일+법정공휴일,청소행정과,02-2620-3420,2023-04-01
54,서울특별시,마포구,마포구,공덕동+아현동+도화동+용강동+대흥동+염리동+신수동+서강동+서교동+합정동+망원1동+망원2동+연남동+성산1동+성산2동+상암동,문전수거,내 집 혹은 내 점포 앞,쓰레기를 일반(생활)종량제봉투에 담아 내 집 혹은 내 점포 앞에 배출,음식물쓰레기를 물기제거후 음식물종량제봉투에 넣은 후 음식물수거통에 담아 내 집 혹은 내 점포 앞에 배출,재활용품을 투명 혹은 반투명 비닐봉투에 담아 내 집 혹은 내 점포 앞에 배출,-,-,일+월+수+목+화,일+월+화+수+목,목+수+화+월+일,18:00,00:00,18:00,00:00,18:00,00:00,,,금요일+토요일,자원순환과,02-3153-9200,2023-12-29
55,서울특별시,용산구,없음,없음,문전수거,집앞+내상가앞,규격봉투에 넣어 지정된 요일에  배출,물기를 최대한 줄여 음식물만 음식물 전용 종량제 봉투에 담아 지정된 요일에 배출,내용물을 깨끗이 비우고 투명봉투에 담거나 끈으로 묶어서 지정된 요일에 배출,미운영,미운영,일+월+화+수+목+금,일+월+화+수+목+금,일+월+화+수+목+금,18:00,23:59,18:00,23:59,18:00,23:59,,,명절당일+공휴일,청소행정과,02-2199-7300,2023-11-30
56,서울특별시,노원구,1권역,"상계1동+상계5동(1~14통, 16~31통), 상계8동+상계9동",거점수거,내집+내점포건물앞+생활폐기물보관대,규격봉투에 넣어 지정된 요일에 배출,용기 용량에 맞는 납부필증 부착 또는 RFID 종량기기에 세대별 카드 사용하여 배출,투명한 비닐봉투에 담거나 끈으로 묶어서 지정된 요일에 배출,별도안내,별도안내,일+월+화+수+목+금,일+월+화+수+목+금,일+월+화+수+목+금,18:00,23:59,18:00,23:59,18:00,07:00,,,별도안내,자원순환과,02-2116-3808,2023-07-25
57,서울특별시,노원구,2권역,"상계3.4동+상계5동(15통,32~37통), 중계1동, 중계4동",거점수거,내집+내점포건물앞+생활폐기물보관대,규격봉투에 넣어 지정된 요일에 배출,용기 용량에 맞는 납부필증 부착 또는 RFID 종량기기에 세대별 카드 사용하여 배출,투명한 비닐봉투에 담거나 끈으로 묶어서 지정된 요일에 배출,별도안내,별도안내,일+월+화+수+목+금,일+월+화+수+목+금,일+월+화+수+목+금,18:00,23:59,18:00,23:59,18:00,07:00,,,별도안내,자원순환과,02-2116-3808,2023-07-25
58,서울특별시,노원구,3권역,"상계2동, 상계6.7동, 상계10동, 중계2.3동",거점수거,내집+내점포건물앞+생활폐기물보관대,규격봉투에 넣어 지정된 요일에 배출,용기 용량에 맞는 납부필증 부착 또는 RFID 종량기기에 세대별 카드 사용하여 배출,투명한 비닐봉투에 담거나 끈으로 묶어서 지정된 요일에 배출,별도안내,별도안내,일+월+화+수+목+금,일+월+화+수+목+금,일+월+화+수+목+금,18:00,23:59,18:00,23:59,18:00,07:00,,,별도안내,자원순환과,02-2116-3808,2023-07-25
59,서울특별시,노원구,4권역,"월계1동, 월계2동",거점수거,내집+내점포건물앞+생활폐기물보관대,규격봉투에 넣어 지정된 요일에 배출,용기 용량에 맞는 납부필증 부착 또는 RFID 종량기기에 세대별 카드 사용하여 배출,투명한 비닐봉투에 담거나 끈으로 묶어서 지정된 요일에 배출,별도안내,별도안내,일+월+화+수+목+금,일+월+화+수+목+금,일+월+화+수+목+금,18:00,23:59,18:00,23:59,18:00,07:00,,,별도안내,자원순환과,02-2116-3808,2023-07-25
60,서울특별시,노원구,5권역,"공릉1동, 하계2동, 월계3동",거점수거,내집+내점포건물앞+생활폐기물보관대,규격봉투에 넣어 지정된 요일에 배출,용기 용량에 맞는 납부필증 부착 또는 RFID 종량기기에 세대별 카드 사용하여 배출,투명한 비닐봉투에 담거나 끈으로 묶어서 지정된 요일에 배출,별도안내,별도안내,일+월+화+수+목+금,일+월+화+수+목+금,일+월+화+수+목+금,18:00,23:59,18:00,23:59,18:00,07:00,,,별도안내,자원순환과,02-2116-3808,2023-07-25
61,서울특별시,노원구,6권역,"공릉2동, 중계본동, 하계1동",거점수거,내집+내점포건물앞+생활폐기물보관대,규격봉투에 넣어 지정된 요일에 배출,용기 용량에 맞는 납부필증 부착 또는 RFID 종량기기에 세대별 카드 사용하여 배출,투명한 비닐봉투에 담거나 끈으로 묶어서 지정된 요일에 배출,별도안내,별도안내,일+월+화+수+목+금,일+월+화+수+목+금,일+월+화+수+목+금,18:00,23:59,18:00,23:59,18:00,07:00,,,별도안내,자원순환과,02-2116-3808,2023-07-25
62,서울특별시,구로구,없음,없음,문전수거,"집앞, 점포앞",규격봉투에 넣어 지정된 요일에 배출,물기를 최대한 줄여 음식물만 전용봉투에 넣어 배출,투명한 비닐봉투에 담거나 끈으로 묶어서 지정된 요일에 배출,동주민센터에서 특수마대 구입후 배출,"집앞, 점포앞",일+월+화+수+목+금,일+월+화+수+목+금,일+월+화+수+목+금,19:00,23:59,19:00,23:59,19:00,23:59,00:00,23:59,토+명절,청소행정과,02-860-2912,2023-11-30
63,서울특별시,동대문구,서울특별시 동대문구,"용신동,전농동,답십리1동,장안2동,휘경동",문전수거,문전배출,"일반종량제봉투,특수규격봉투(일명 특수마대)에 담아 배출",음식물종량제봉투에 담아 배출,투명한 비닐봉투에 담아 배출,청소행정과에 문의,청소행정과에 문의,월+수+금,월+수+금,월+수+금,18:00,21:00,18:00,21:00,18:00,21:00,,,청소행정과에 문의,청소행정과,02-2127-4732,2024-01-01
64,서울특별시,동대문구,서울특별시 동대문구,"제기동,답십리2동,장안1동,청량리동,회기동,이문동",문전수거,문전배출,"일반종량제봉투,특수규격봉투(일명 특수마대)에 담아 배출",음식물 종량제 봉투에 담아 배출,투명한 봉투에 담아 배출,청소행정과에 문의,청소행정과에 문의,일+화+목,일+화+목,일+화+목,18:00,21:00,18:00,21:00,18:00,21:00,,,청소행정과에 문의,청소행정과,02-2127-4732,2024-01-01
65,서울특별시,중랑구,중랑구전역,"망우본동, 망우3동, 면목본동, 면목2동, 면목3.8동, 면목4동, 면목5동, 면목7동, 묵1동, 묵2동, 상봉1동, 상봉2동, 신내1동, 신내2동, 중화1동, 중화2동",문전수거,문전배출,종량제봉투,"종량제봉투, 납부필증, RFID",투명비닐봉투,처리업체와협의,처리업체와협의,일+월+화+수+목+금,일+월+화+수+목+금,일+월+화+수+목+금,18:00,20:00,18:00,20:00,18:00,20:00,,,토요일,청소행정과,02-2094-1930,2023-01-19
66,서울특별시,강서구,1권역,염창동+등촌2동+화곡본동+화곡1동+가양1동+가양3동+방화2동+방화3동+발산1동(마곡동 및 수명산파크 전체),문전수거,집앞,규격봉투에 넣어 지정요일에 배출,물기를 최대한 줄여 음식물만 전용봉투에 넣어 배출,투명한 비닐봉투에 담거나 끈으로 지정된 요일에 배출,자원순환과에 신고 후 개인차량을 이용하여 지정장소에 배출,마곡동 중간집하장,일+화+목,일+화+목,일+화+목,19:00,23:59,19:00,23:59,19:00,23:59,09:00,16:00,설명절+추석명절+공휴일,자원순환과,02-2600-4063,2024-03-08
67,서울특별시,강서구,2권역,가양2동+등촌1동+등촌3동+화곡2동+화곡3동+화곡4동+화곡6동+화곡8동+발산1동(마곡동 및 수명산파크 제외)+공항동+방화1동+우장산동,문전수거,집앞,규격봉투에 넣어 지정요일에 배출,물기를 최대한 줄여 음식물만 전용봉투에 넣어 배출,투명한 비닐봉투에 담거나 끈으로 지정된 요일에 배출,자원순환과에 신고 후 개인차량을 이용하여 지정장소에 배출,마곡동 중간집하장,월+수+금,월+수+금,월+수+금,19:00,23:59,19:00,23:59,19:00,23:59,09:00,16:00,설명절+추석명절+공휴일,자원순환과,02-2600-4063,2024-03-08
